"accession";"species";"species_abr";"phyl_id";"seqs"
"LC495543.1";"Canis_lupus_familiaris";"CaFa";"CaFa-LC495543.1";"AGGATTTCGTGTACCAGTTTAAGGGCGAGTGCTATTTCACCAACGGGACGGAGCGGGTGCGGCTTCTGACGAGAGACATCTATAACCGGGAGGAGCACGTGCGCTTCGACAGCGACGTGGGGGAGTACCGGGCGGTCACGGAGCTCGGGCGGCCGGACGCTGAGTACTGGAACGGGCAGAAGGAGCTCTTGGAGCGGAGGCGGGCCGAGGTGGACACGGTGTGCAGACACAACTACGGGAGGGAAGAGCTCACCACGTTGCAGCGGCGAG"
"AY007203.1";"Monachus_schauinslandi";"MoSc";"MoSc-AY007203.1";"--------------------------GAGTGCTACTTCACCAACGGGACGGAGCGGGTGCGGCTCCTGACCAGACACATCTATAACCGGGAGGAGTTCGTGCGCTTCGACAGCGACGTGGGGGAGTACCGGCCGGTGACGGAGCTGGGGCGGCCGGACGCTCAGTAC-------------------------------------------------------------------------------------------------------"
"AY007204.1";"Monachus_schauinslandi";"MoSc";"MoSc-AY007204.1";"--------------------------GAGTGTCATTATTCCAACGGGACGGAGCGGGTGCGGCTCCTGGCCAGATCAATCTATAACGGGGAGGAGGACGTGCGCTTCGACAGCGACGTGGGGGAGTTCCGGCCGGTGACGGAGCTGGGGCGGCCCACCGCTGAGTAC-------------------------------------------------------------------------------------------------------"
"AF111038.1";"Mirounga_leonina";"MiLe";"MiLe-AF111038.1";"--------------------------CAGTGCTACTTCACCAACGGGACGGAGCGGGTGCGGCTCCTGACCAGATACATCTATAACCGGGAGGAGTACGTGCGCTTCGACAGCGACGTGGGGGAGTACCGGCCGGTGACGGAGCTGGGGCGGCCGGACGCTGAGTAC-------------------------------------------------------------------------------------------------------"
"AF111037.1";"Mirounga_leonina";"MiLe";"MiLe-AF111037.1";"--------------------------CAGTGCTACTTCACCAACGGGACGGAGCGGGTGCGGCTCCTGACCAGATACATCTATAACCGGGAGGAGTTCGTGCGCTTCGACAGCGACGTGGGGGAGTACCGGCCGGTGACGGAGCTGGGGCGGCCGGACGCTGAGTAC-------------------------------------------------------------------------------------------------------"
"AF111036.1";"Mirounga_leonina";"MiLe";"MiLe-AF111036.1";"--------------------------CAGTGCTACTTCACCAACGGGACGGAGCGGGTGCGGGTCCTGACCAGATACATCTATAACCGGGAGGAGTACGTGCGCTTCGACAGCGACGTGGGGGAGTACCGGCCGGTGACGGAGCTGGGGCGGCCGGACGCTGAGTAC-------------------------------------------------------------------------------------------------------"
"AF111034.1";"Mirounga_leonina";"MiLe";"MiLe-AF111034.1";"--------------------------CAGTGCTACTTCACCAACGGGACGGAGCGGGTGCGGGTCCTGACCAGATACATCTATAACCGGGAGGAGTACGTGCGCTTCGACAGCGACGTGGGGGAGTACCGGCCGGTGACGGAGCTGGGGCGGCCCTACGCTGAGTAC-------------------------------------------------------------------------------------------------------"
"AF111035.1";"Mirounga_leonina";"MiLe";"MiLe-AF111035.1";"--------------------------CAGTGCTACTTCACCAACGGGACGGAGCGGGTGCGGCTCCTGACCAGATACATCTATAACCGGGAGGAGTACGTGCGCTTCGACAGCGACGTGGGGGAGTACCGGCCGGTAACGGAGCTGGGGCGGCCGGACGCTGAGTAC-------------------------------------------------------------------------------------------------------"
"AF111033.1";"Mirounga_leonina";"MiLe";"MiLe-AF111033.1";"--------------------------CAGTGCTACTGCACCAACGGGACGGAGCGGGTGCGGGTCCTGACCAGATACATCTATAACCGGGAGGAGTACGTGCGCTTCGACAGCGACGTGGGGGAGTACCGGCCGGTGACGGAGCTGGGGCGGCCCTACGCTGAGTAC-------------------------------------------------------------------------------------------------------"
"AF111032.1";"Mirounga_leonina";"MiLe";"MiLe-AF111032.1";"--------------------------CAGTGCTACTTCACCAACGGGACGGAGCGGGTGCGGGTCCTGACCAGATACATCTATAACCGGGAGGAGTACGTGCGCTTCGACAGTGACGTGGGGGAGTACCGGCCGGTGACGGAGCTGGGGCGGCCGGACGCTGAGTAC-------------------------------------------------------------------------------------------------------"
"AF111031.1";"Mirounga_angustirostris";"MiAn";"MiAn-AF111031.1";"--------------------------CAGTGCTACTTCACCAACGGGACGGAGCGGGTGCGGCTCCTGACCAGAAACATCTATAACCGGGAGGAGTTCGTGCGCTTCGACAGCGACGTGGGGGAGTACCGGCCGGTGACGGAGCTGGGGCGGCCCTTCGCTGAGTAC-------------------------------------------------------------------------------------------------------"
"AF111030.1";"Mirounga_angustirostris";"MiAn";"MiAn-AF111030.1";"--------------------------CAGTGCTACTTCACCAACGGGACGGAGCGGGTGCGGGTCCTGACCAGAGACATCTATAACCGGGAGGAGTTCGTGCGCTTCGACAGCGACGTGGGGGAGTACCGGCCGGTGACGGAGCTGGGGCGGCCCTTCGCTGAGTAC-------------------------------------------------------------------------------------------------------"
"AF111045.1";"Arctocephalus_forsteri";"ArFo";"ArFo-AF111045.1";"--------------------------GAGTGCTACTTCACCAACGGGACGGAGCGGGTGCGGCTCCTGACCAGATACATCTATAACCGGGAGGAGTTGGTGCGCTTCGACAGCGACGTGGGGGAGCACCGGCCGGTGACGGAGCTGGGGCGGCCGGACGCTGAGTAC-------------------------------------------------------------------------------------------------------"
"AF111044.1";"Arctocephalus_forsteri";"ArFo";"ArFo-AF111044.1";"--------------------------GAGTGCTACTTCACCAACGGGACGGAGCGGGTGTGGTCCCTGGACAGATACATCTATAACCGGGAGGAGTACGTGCGCTTCGACGGCGACGTGGGGGAGTACCGGCCGGTGACGGAGCTGGGGCGGCCTAGCGCTGAGTAC-------------------------------------------------------------------------------------------------------"
"AF111043.1";"Arctocephalus_forsteri";"ArFo";"ArFo-AF111043.1";"--------------------------GAGTGCTACTTCACCAACGGGACGGAGCGGGTGCGGCACCTGACCAGATACATCTATAACCGGGAGGAGAACGTGCGCTTCGACAGCGACGTGGGGGAGTACCGGCCGGTGACGGAGCTGGGGCGGCCGGACGCTGAGTAC-------------------------------------------------------------------------------------------------------"
"AF111042.1";"Arctocephalus_gazella";"ArGa";"ArGa-AF111042.1";"--------------------------GAGTGCTACTTCACCAACGGGACGGAGCGGGTGCGGTCCCTGACCAGACACATCTATAACCGGGAGGAGTACGTGCGCTTCGACAGCGACGTGGGGGAGCACCGGCCGGTGATGGAGTGGGGAAGGCCGTACGCTGAGTAC-------------------------------------------------------------------------------------------------------"
"AF111041.1";"Arctocephalus_gazella";"ArGa";"ArGa-AF111041.1";"--------------------------GAGTGCTACTTCACCAACGGGACGGAGCGGGTGCGGTCCCTGACCAGACACATCTATAACCGGGAGGAGTACGTGCGCTTCGACAGCGACGTGGGGGAGCACCGGCCGGTGATGGAGTGGGGAAGCCCGTACGCTGAGTAC-------------------------------------------------------------------------------------------------------"
"KP127614.1";"Neophoca_cinerea";"NeCi";"NeCi-KP127614.1";"----------------------------------------------GACGGAGCGGGTGCGGCTCCTGACCAGATACATCTATAACCGGGAGGAGTACGTGCGCTTCGACAGCGACGTGGGGGAGTACCGGCCGGTGACGGAGCTGGGGCGGCCGGACGCTGAGTACTTCAACAGCCAGAAGGACATCCTGGAGCAGACGCGGGCCGAGGCGGACACG----------------------------------------------------"
"KP127613.1";"Neophoca_cinerea";"NeCi";"NeCi-KP127613.1";"----------------------------------------------GACGGAGCGGGTGCGGTCCCTGGACAGATACATCTATAACCGGGAGGAGTACGTGCGCTTCGACAGCGACGTGGGGGAGTACCGGCCGGTGACGGAGCTGGGGCGGCCGGACGCTGAGTACTTCAACAGCCAGAAGGACATCCTGGAGCAGACGCGGGCCGAGGCGGACACG----------------------------------------------------"
"KP127612.1";"Neophoca_cinerea";"NeCi";"NeCi-KP127612.1";"----------------------------------------------GACGGAGCGGGTGCGGTCCCTGGACAGATACATCTATAACCGGGAGGAGTACGTGCGCTTCGACAGCGACGTGGGGGAGTACCGGCCGGTGACGGAGCTGGGGCGGCCGGACGCTGAGTACTGGAACAGCCAGAAGGACATCCTGGAGCAGACGCGGGCCGAGGCGGACACG----------------------------------------------------"
"HE663128.1";"Zalophus_wollebaeki";"ZaWo";"ZaWo-HE663128.1";"--------------------------------------------------------------TCCCTGACCAGATACATCTATAACCGGGAGGAGTACGTGCGCTTCGACAGCGACGTGGGGGAGTACCGGCCGGTGACGGAGCTGGGGCGGCCGGACGCTGAGTACTGGAACAGCCAGAAGGACATCCTGGAGCGGACGCGGGCCGAGGCGGACACGGTG-------------------------------------------------"
"HE663127.1";"Zalophus_wollebaeki";"ZaWo";"ZaWo-HE663127.1";"--------------------------------------------------------------TTCCTGGTCAGATACATCTATAACCGGGAGGAGTACGTGCGCTTCGACAGCGACGTGGGGGAGTACCGGCCGGTGACGGAGCTGGGGCGGCCGGACGCTGAGTACTGGAACAGCCAGAAGGACATCCTGGAGCGGACGCGGGCCGAGGCGGACACGGTG-------------------------------------------------"
"AF503407.1";"Zalophus_californianus";"ZaCa";"ZaCa-AF503407.1";"AGGATTTCGTGTTCCAGTTTAAGGGCGAGTGCTACTTCACCAACGGGACGGAGCGGGTGCGGTCCCTGACCAGATACATCTATAACCGGGAGGAGTACGTGCGCTTCGACAGCGACGTGGGGGAGTACCGGCCGGTGACGGAGCTGGGGCGGCCGGACGCTGAGTACTGGAATAGCCAGAAGGACATCCTGGAGCGGACGCGGGCCGAGGCGGACACGGTGTGCAGACACAACTATGGGATTGAGGAGAGAACGATCTTGCAGCGGCGAG"
"AF503401.1";"Zalophus_californianus";"ZaCa";"ZaCa-AF503401.1";"AGGATTTCGTGTTCCAGTTTAAGGGCGAGTGCTACTTCACCAACGGGACGGAGCGGGTGCGGTCCCTGACCAGATACATCTATAACCGGGAGGAGTACGTGCGCTTCGACAGCGACGTGGGGGAGTACCGGCCGGTGACGGAGCTGGGGCGGCCGGACGCTGAGTACTGGAACAGCCAGAAGGACATCCTGGAGCGGACGCGGGCCGAGGCGGACACGGTGTGCAGACACAACTATGGGATTGAGGAGAGAACGATCTTGCAGCGGCGAG"
"HE663126.1";"Zalophus_wollebaeki";"ZaWo";"ZaWo-HE663126.1";"--------------------------------------------------------------TCCCTGGACAGATACATCTATAACCGGGAGGAGTACGTGCGCTTCGACAGCGACGTGGGGGAGTACCGGCCGGTGACGGAGCTGGGGCGGCCGGACGCTGAGTACTGGAACAGCCAGAAGGACATCCTGGAGCGGACGCGGGCCGAGGCGGACACGGTG-------------------------------------------------"
"AF503399.1";"Zalophus_californianus";"ZaCa";"ZaCa-AF503399.1";"AGGATTTCGTGGTCCAGTTTAAGGGCGAGTGCTACTTCACCAACGGGACGGAGCGGGTGCGGCACCTGACCAGACACATCTATAACCGGGAGGAGTACGTGCGCTTCGACAGCGACGTGGGGGAGTACCGGCCGGTGACGGAGCTGGGGCGGCCGGACGCTGAGTACTGGAACAGCCAGAAGGACATCCTGGAGCGGACGCGGGCCGAGGCGGACACGGTGTGCAGACACAACTATGGGATTGAGGAGAGAACGATCTTGCAGCGGCGAG"
"XM028120590.1";"Eumetopias_jubatus";"EuJu";"EuJu-XM028120590.1";"AGGATTTCGTGTTCCAGTTTAAGGGCGAGTGCTACTTCACCAACGGGACGGAGCGGGTGCGGCTCCTGACCAGATACATCTATAACCGGGAGGAGTACGTGCGCTTCGACAGCGACGTGGGGGAGTACCGGCCGGTGACGGAGCTGGGGCGGCCGGACGCTGAGTACTGGAACAGCCAGAAGGACATCCTGGAGCGGACGCGGGCCGAGGCGGACACGGTGTGCAGACACAACTATGGGATTGAGGAGAGAACGATCTTGCAGCGGCGAG"
"XM032410076.1";"Phoca_vitulina";"PhVi";"PhVi-XM032410076.1";"AGGATTTCGTGTTCCAGTTTAAGGGCGAGTGCTATTTCACCAACGGGACGGAGCGGGTGCGGCTCCTGACCAGATACATCTATAACCGGGAGGAGTACGTGCGCTTCGACAGCGACGTGGGGGAGTACCGGCCGGTGACGGAGCTGGGGCGGCCGGACGCTGAGTACTGGAACAGCCAGAAGGACATCGTGGAGCAGACGCGGGCCGAGGTGGACACGGTGTGCAGAAACAACTATGGGAATGAGGAGAGAACGACCTTGCAGCGGCGAG"
"XM036118533.1";"Halichoerus_grypus";"HaGr";"HaGr-XM036118533.1";"AGGATTTCGTGTACCAGTTTAAGGGCGAGTGCTATTTCACCAACGGGACGGAGCGGGTGCGGCTCCTGACCAGATACATCTATAACCGGGAGGAGTACGTGCGCTTCGACAGCGACGTGGGGGAGTACCGGCCGGTGACGGAGCTGGGGCGGCCGGACGCTGAGTACTGGAACAGCCAGAAGGACATCGTGGAGCGGACGCGGGCCGAGGTGGACACGGTGTGCAGAAACAACTATGGGTTTGAGGAGAGAACGACCTTGCAGCGGCGAG"
"XM021684532.1";"Neomonachus_schauinslandi";"NeSc";"NeSc-XM021684532.1";"AGGATTTCGTGTACCAGTTTAAGGGCGAGTGCTACTTCACCAACGGGACGGAGCGGGTGCGGCTCCTGACCAGACACATCTATAACCGGGAGGAGTTCGTGCGCTTCGACAGCGACGTGGGGGAGTACCGGCCGGTGACGGAGCTGGGGCGGCCGGACGCTCAGTACTGGAACAGCCAGAAGGACATCTTGGAGCGGACGCGGGCCGAGGTGGACACGGTGTGCAGAAACAACTATGGGAATGAGGAGAGAACGACCTTGCAGCGGCGAG"
"XM034991166.1";"Mirounga_leonina";"MiLe";"MiLe-XM034991166.1";"AGGATTTCGTGTACCAGTTTAAGGGCCAGTGCTACTTCACCAACGGGACGGAGCGGGTGCGGGTCCTGACCAGATACATCTATAACCGGGAGGAGTACGTGCGCTTCGACAGCGACGTGGGGGAGTACCGGCCGGTGACGGAGCTGGGGCGGCCGGACGCTGAGTACTGGAACCGCCAGAAGGACATCTTGGAGCAGACGCGGGCCTCGGTGGACACGGTGTGCAGACACAACTATGGGAATGAGGAGAGAACGACCTTGCAGCGGCGAG"
"XM006738044.2";"Leptonychotes_weddellii";"LeWe";"LeWe-XM006738044.2";"AGGATTTCGTGTACCAGTTTAAGGGCGAGTGCTACTTCACCAACGGGACGGAGCGGGTGCGGTTTCTGTCCAGATTCATCTATAACCGGGAGGAGTTCGTGCGCTTCGACAGCGACGTGGGGGAGTTCCGGCCGGTGACGGAGCTGGGGCGGCCGGCCGCTGAGTACTGGAACCGCCAGAAGGACTTCTTGGAGCGGACGCGGGCCGCGGTGGACACGGTGTGCAGAAACAACTATGGGTTTGAGGAGAGAACGACCTTGCAGCGGCGAG"
"XM025862387.1";"Callorhinus_ursinus";"CaUr";"CaUr-XM025862387.1";"AGGATTTCGTGTACCAGTTTAAGGGCGAGTGCTACTTCACCAACGGGACGGAGCGGGTGCGGCTCCTGACCAGACACATCTATAACCGGGAGGAGTACGTGCGCTTCGACAGCGACGTGGGAGAGCACCGACCGGTGACGGAGTGGGGGCGGCCGGACGCTGAGTACTGGAACCGCCAGAAGGACTTCATGGAGCAGACGCGGGCTGCGGTGGACACGGTGTGCAGACACAACTATGGGAATGAGGAGAGAACGACCTTGCAGCGGCGAG"
"HQ456124.1";"Halichoerus_grypus";"HaGr";"HaGr-HQ456124.1";"--------------------------GAGTGCTATTTCACCAACGGGACGGAGCGGGTGCGGTCCCTGACCAGATACATCTATAACCGGGAGGAGTACGTGCGCTTCGACAGCGACGTGGGGGAGTACCGGCCGGTGACGGAGCTGGGGCGGCCGGACGCTGAGTACTGGAACAGCCAGAAGGACTTCATGGAGGAGACGCGGGCCGCGGTGGACACGGTGTGCAGACACAACTATGGGATTGAGGAGAGAACGATCTTG----------"
"HQ456122.1";"Halichoerus_grypus";"HaGr";"HaGr-HQ456122.1";"--------------------------GAGTGCTATTTCACCAACGGGACGGAGCGGGTGCGGCTCCTGACCAGATACATCTATAACCGGGAGGAGTACGTGCGCTTCGACAGCGACGTGGGGGAGTACCGGCCGGTGACGGAGCTGGGGCGGCCGGACGCTGAGTACTGGAACAGCCAGAAGGACATCGTGGAGCGGACGCGGGCCGAGGTGGACACGGTGTGCAGAAACAACTATGGGTTTGAGGAGAGAACGACCTTG----------"
"HQ456125.1";"Halichoerus_grypus";"HaGr";"HaGr-HQ456125.1";"--------------------------GAGTGCTATTTCACCAACGGGACGGAGCGGGTGCGGCTCCTGACCAGATACATCTATAACCGGGAGGAGTACGTGCGCTTCGACAGCGACGTGGGGGAGTACCGGCCGGTGACGGAGCTGGGGCGGCCGGACGCTGAGTACTGGAACAGCCAGAAGGACTTCACGGAGGAGACGCGGGCCGCGGTGGACACGGTGTGCAGACACAACTATGGGATTGAGGAGAGAACGATCTTG----------"
"HQ456123.1";"Halichoerus_grypus";"HaGr";"HaGr-HQ456123.1";"--------------------------GAGTGCTATTTCACCAACGGGACGGAGCGGGTGCGGCTCCTGACCAGATACATCTATAACCGGGAGGAGTACGTGCGCTTCGACAGCGACGTGGGGGAGTACCGGCCGGTGACGGAGCTGGGGCGGCGCACCGCTGAGTACTGGAACAGCCAGAAGGACATCGTGGAGCGGACGCGGGCCGAGGTGGACACGGTGTGCAGAAACAACTATGGGTTTGAGGAGAGAACGACCTTG----------"
"HQ456126.1";"Halichoerus_grypus";"HaGr";"HaGr-HQ456126.1";"--------------------------GAGTGTCATTATTCCAACGGGACGGAGCGGGTGCGGTTCCTGGATAGGCATTTCTATAACGGGGAGGAGTTCGTGCGCTTCGACAGCGACGTGGGGGAGTTCCGGCCGGTGACGGAGCTGGGGCGGCCGGACGCTGAGTACTGGAACCGCCAGAAGGACTTCATGGAGCGGACGCGGGCCGAGGTGGACAGGCTGTGCAGACACAACTACGGGGTGGTTGAGAGCTTCACGGTG----------"
"AY204353.1";"Phocarctos_hookeri";"PhHo";"PhHo-AY204353.1";"-----------------------------------------------ACGGAGCGGGTGCGGTCCCTGACCAGATACATCTATAACCGGGAGGAGTACGTGCGCTTCGACGGCGACGTGGGGGAGTACCGGCCGGTGACGGAGCTGGGGCGGCCGGACGCTGAGTACTGGAACAGCCAGAAGGACATCCTGGAGCGGACGCGGGCCGAGGTGGACACG----------------------------------------------------"
"AY204352.1";"Phocarctos_hookeri";"PhHo";"PhHo-AY204352.1";"-----------------------------------------------ACGGAGCGGGTGCGGCTCCTGACCAGATACATCTATAACCGGGAGGAGTACGTGCGCTTCGACGGCGACGTGGGGGAGTACCGGCCGGTGACGGAGCTGGGGCGGCCGGACGCTGAGTACTGGAACAGCCAGAAGGACATCCTGGAGCGGACGCGGGCCGAGGTGGACACG----------------------------------------------------"
"KJ004394.1";"Odobenus_rosmarus";"OdRo";"OdRo-KJ004394.1";"--------------------------GAGTGCTACTTCACCAACGGGACGGAGCGGGTGCGGCATCTGACCAGATACATCTACAACCGGGAGGAGTACGCGCGCTTCGACAGCGACGTGGGGGAGTACCGGCCGGTGACGGAGCTGGGGCGGCCGGACACTGAGTACTGGAACAGCCAGAAGGACGTCGTGGAGCAGACGCGGGCGGAGGTGGACACGGTG-------------------------------------------------"
"KJ004395.1";"Odobenus_rosmarus";"OdRo";"OdRo-KJ004395.1";"--------------------------GAGTGCTACTTCACCAACGGGACGGAGCGGGTGCGGCTCCTGACCAGATACATCTACAACCGGGAGGAGTACGCGCGCTTCGACAGCGACGTGGGGGAGTACCGGCCGGTGACGGAGCTGGGGCGGCCGGACGCTGAGTACTGGAACAGCCAGAAGGACGTCGTGGAGCAGACGCGGGCGGAGGTGGACACGGTG-------------------------------------------------"
"KJ004396.1";"Odobenus_rosmarus";"OdRo";"OdRo-KJ004396.1";"--------------------------GAGTGCTACTTCACCAACGGGACGGAGCGGGTGCGGCTCCTGACCAGATACATCTACAACCGGGAGGAGTACGCGCGCTTCGACAGCGACGTGGGGGAGTACCGGCCGGTGACGGAGCTGGGGCGGCCCTCCGCTGAGTACTGGAACAGCCAGAAGGACGTCGTGGAGCAGACGCGGGCGGAGGTGGACACGGTG-------------------------------------------------"
"KJ004397.1";"Odobenus_rosmarus";"OdRo";"OdRo-KJ004397.1";"--------------------------GAGTGCTACTTCACCAACGGGACGGAGCGGGTGCGGGGCCTGACCAGACACATCTATAACCGGGAGGAGTTCGTGCGCTTCGACAGCGACGTGGGGGAGCACCGGCCGGTGACGGAGCTGGGGCGGCCGATCGCTGAGTACTTGAACAGCCAGAAGGACTTCATGGAGCAGACGCGAGCCGCGGTGGATACGGTG-------------------------------------------------"
"KJ004398.1";"Odobenus_rosmarus";"OdRo";"OdRo-KJ004398.1";"--------------------------GAGTGCTACTTCACCAACGGGACGGAGCGGGTGCGGCATCTGACCAGATACATCTACAACCGGGAGGAGTTCGTGCGCTTCGACAGCGACGTGGGGGAGTACCGGCCGGTGACGGAGCTGGGGCGGCCCTCCGCTGAGTACTGGAACAGCCAGAAGGACGTCGTGGAGCAGACGCGRGCGGAGGTGGACACGGTG-------------------------------------------------"
"ArGa-DQB*1";"Arctocephalus_gazella";"ArGa";"ArGa-DQB*1";"AGGATTTCGTGTTCCAGTTTAAGGGCGAGTGCTACTTCACCAACGGGACGGAGCGGGTGTGGTCCCTGGACAGATACATCTATAACCGGGAGGAGTACGTGCGCTTCGACGGCGACGTGGGGGAGTACCGGCCGGTGACGGAGCTGGGGCGGCCGGACGCTGAGTACTGGAACAGCCAGAAGGACATCCTGGAGCGGAAGCGGGCCGAGGTGGACACGGTGTGCAGACACAACTATGGGATTGAGGAGAGAACGATCTTGCAGCGGCGAG"
"ArGa-DQB*2";"Arctocephalus_gazella";"ArGa";"ArGa-DQB*2";"AGGATTTCGTGTTCCAGTTTAAGTTCGAGTGCTACTTCACCAACGGGACGGAGCGGGTGCGGTCCCTGGCCAGATACATCTATAACCGGGAGGAGTACGTGCGCTTCGACAGCGACGTGGGGGAGTACCGGCCGGTGACGGAGCTGGGGCGGCCGAGCGCTGAGTACTGGAACAGCCAGAAGGACATCCTGGAGCAGACGCGGGCCGAGGTGGACACGGTGTGCAGACACAACTATGGGAATGAGGAGAGAACGACCTTGCAGCGGCGAG"
"ArGa-DQB*3";"Arctocephalus_gazella";"ArGa";"ArGa-DQB*3";"AGGATTTCGTGTTCCAGTTTAAGGGCGAGTGCTACTTCACCAACGGGACGGAGCGGGTGCGGTCCCTGGCCAGACACATCTATAACCGGGAGGAGTTCCTGCGCTTCGACAGCGACGTGGGGGAGTACCGGCCGGTGACGGAGTGGGGGCGGCCGTACGCTGAGTACTTCAACAGCCAGAAGGACGTCATGGAGCAGACGCGGGCCGCGGTGGACACGGTGTGCAGACACAACTATGGGAATGAGGAGAGAACGATCTTGCAGCGGCGAG"
"ArGa-DQB*4";"Arctocephalus_gazella";"ArGa";"ArGa-DQB*4";"AGGATTTCGTGTTCCAGTTTAAGGGCGAGTGCTACTTCACCAACGGGACGGAGCGGGTGCGGCTCCTGACCAGATACATCTATAACCGGGAGGAGTTCGTGCGCTTCGACAGCGACGTGGGGGAGCACCGGCCGGTGACGGAGCTGGGGCGGCCGATCGCTGAGTACTTGAACAGCCAGAAGGACTTCATGGAGCAGACGCGGGCTGCGGTGGACACGGTGTGCAGACACAACTATGGGAATGAGGAGAGAACGACCTTGCAGCGGCGAG"
"ArGa-DQB*5";"Arctocephalus_gazella";"ArGa";"ArGa-DQB*5";"AGGATTTCGTGTTCCAGTTTAAGGGCGAGTGCTACTTCACCAACGGGACGGAGCGGGTGCGGCTCCTGGCCAGACACATCTATAACCGGGAGGAGTACGTGCGCTTCGACAGCGACGTGGGGGAGCACCGGCCGGTGATGGAGTGGGGAAGGCCGTACGCTGAGTACTGGAACCGCCAGAAGGACTTCATGGAGCAGACGCGGGCTGCGGTGGACACGGTGTGCAGACACAACTATGGGAATGAGGAGAGAACGACCTTGCAGCGGCGAG"
"ArGa-DQB*6";"Arctocephalus_gazella";"ArGa";"ArGa-DQB*6";"AGGATTTCGTGTTCCAGTTTAAGGGCGAGTGCTACTTCACCAACGGGACGGAGCGGGTGTGGTCCCTGGACAGATACATCTATAACCGGGAGGAGTACGTGCGCTTCGACGGCGACGTGGGGGAGTACCGGCCGGTGACGGAGCTGGGGCGGCCGAGCGCTGAGTACTGGAACAGCCAGAAGGACATCCTGGAGCGGAAGCGGGCCGAGGTGGACACGGTGTGCAGACACAACTATGGGATTGAGGAGAGAACGATCTTGCAGCGGCGAG"
"ArGa-DQB*7";"Arctocephalus_gazella";"ArGa";"ArGa-DQB*7";"AGGATTTCGTGGTCCAGTTTAAGGGCGAGTGCTACTTCACCAACGGGACGGAGCGGGTGTGGTCCCTGGACAGATACATCTATAACCGGGAGGAGTACGTGCGCTTCGACGGCGACGTGGGGGAGTTCCGGCCGGTGACGGAGCTGGGGCGGCCGGACGCTGAGTACTGGAACAGCCAGAAGGACATCCTGGAGCGGAAGCGGGCCGAGGTGGACACGGTGTGCAGACACAACTATGGGATTGAGGAGAGAACGACCTTGCAGCGGCGAG"
"ArGa-DQB*8";"Arctocephalus_gazella";"ArGa";"ArGa-DQB*8";"AGGATTTCGTGGTCCAGTTTAAGGGCGAGTGCTACTTCACCAACGGGACGGAGCGGGTGCGGCACCTGACCAGACACATCTATAACCGGGAGGAGTACGTGCGCTTCGACAGCGACGTGGGGGAGCACCGGCCGGTGACGGAGCTGGGGCGGCCGGACGCTGAGTACTGGAACAGCCAGAAGGACCTCATGGAGCGGAGGCGGGCCGAGGTGGACACGGTGTGCAGACACAACTATGGGATTGAGGAGAGAACGATCTTGCAGCGGCGAG"
"ArGa-DQB*9";"Arctocephalus_gazella";"ArGa";"ArGa-DQB*9";"AGGATTTCGTGTTCCAGTTTAAGTTCGAGTGCTACTTCACCAACGGGACGGAGCGGGTGCGGTCCCTGGCCAGATACATCTATAACCGGGAGGAGTACGTGCGCTTCGACAGCGACGTGGGGGAGCACCGGCCGGTGACGGAGCTGGGGCGGCCGGACGCTGAGTACTGGAACAGCCAGAAGGACATCCTGGAGCGGACGCGGGCCGAGGTGGACACGGTGTGCAGACACAACTATGGGATTGAGGAGAGAACGATCTTGCAGCGGCGAG"
"ArGa-DQB*10";"Arctocephalus_gazella";"ArGa";"ArGa-DQB*10";"AGGATTTCGTGTACCAGTTTAAGGGCGAGTGCTACTTCACCAACGGGACGGAGCGGGTGCGGCTCCTGGCCAGACACATCTATAACCGGGAGGAGTACGTGCGCTTCGACAGCGACGTGGGGGAGCACCGGCCGGTGACGGAGCTGGGGCGGCCGAGCGCTGAGTACTGGAACAGCCAGAAGGACTTCATGGAGCAGACGCGGGCTGCGGTGGACACGGTGTGCAGACACAACTATGGGATTGAGGAGAGAACGATCTTGCAGCGGCGAG"
"ArGa-DQB*11";"Arctocephalus_gazella";"ArGa";"ArGa-DQB*11";"AGGATTTCGTGGTCCAGTTTAAGGGCGAGTGCTACTTCACCAACGGGACGGAGCGGGTGCGGTCCCTGGCCAGATACATCTATAACCGGGAGGAGTACGTGCGCTTCGACAGCGACGTGGGGGAGTACCGGCCGGTGACGGAGCTGGGGCGGCCGAGCGCTGAGTACTGGAACAGCCAGAAGGACATCCTGGAGCAGACGCGGGCCGAGGTGGACACGGTGTGCAGACACAACTATGGGAATGAGGAGAGAACGACCTTGCAGCGGCGAG"
"ArGa-DQB*12";"Arctocephalus_gazella";"ArGa";"ArGa-DQB*12";"AGGATTTCGTGGTCCAGTTTAAGGGCGAGTGCTACTTCACCAACGGGACGGAGCGGGTGCGGCACCTGACCAGACACATCTATAACCGGGAGGAGTACGTGCGCTTCGACAGCGACGTGGGGGAGTACCGGCCGGTGACGGAGTGGGGAAGGCCGTACGCTGAGTACTGGAACCGCCAGAAGGACATCCTGGAGCGGACGCGGGCCGAGGTGGACACGGTGTGCAGACACAACTATGGGAATGAGGAGAGAACGACCTTGCAGCGGCGAG"
"ArGa-DQB*13";"Arctocephalus_gazella";"ArGa";"ArGa-DQB*13";"AGGATTTCGTGGTCCAGTTTAAGGGCGAGTGCTACTTCACCAACGGGACGGAGCGGGTGCGGTCCCTGACCAGACACATCTATAACCGGGAGGAGTACGTGCGCTTCGACAGCGACGTGGGGGAGCACCGGCCGGTGACGGAGCTGGGGCGGCCGGACGCTGAGTACTGGAACCGCCAGAAGGACCTCATGGAGCGGAGGCGGGCCGAGGTGGACACGGTGTGCAGACACAACTATGGGATTGAGGAGAGAACGATCTTGCAGCGGCGAG"
"ArGa-DQB*14";"Arctocephalus_gazella";"ArGa";"ArGa-DQB*14";"AGGATTTCGTGTACCAGTTTAAGGGCGAGTGCTACTTCACCAACGGGACGGAGCGGGTGCGGCACCTGACCAGACACATCTATAACCGGGAGGAGTACGTGCGCTTCGACAGCGACGTGGGGGAGTACCGGCCGGTGACGGAGTGGGGAAGGCCGTACGCTGAGTACTGGAACCGCCAGAAGGACATCCTGGAGCGGACGCGGGCCGAGGTGGACACGGTGTGCAGACACAACTATGGGAATGAGGAGAGAACGACCTTGCAGCGGCGAG"
"ArGa-DQB*15";"Arctocephalus_gazella";"ArGa";"ArGa-DQB*15";"AGGATTTCGTGTTCCAGTTTAAGTTCGAGTGCTACTTCACCAACGGGACGGAGCGGGTGCGGTCCCTGGACAGATACATCTATAACCGGGAGGAGTACGTGCGCTTCGACGGCGACGTGGGGGAGTACCGGCCGGTGACGGAGCTGGGGCGACCGGACGCTGAGTACTGGAACAGCCAGAAGGACGTCATGGAGCAGACGCGGGCCGCGGTGGACACGGTGTGCAGACACAACTATGGGATTGAGGAGAGAACGACCTTGCAGCGGCGAG"
"ArGa-DQB*16";"Arctocephalus_gazella";"ArGa";"ArGa-DQB*16";"AGGATTTCGTGTTCCAGTTTAAGGGCGAGTGCTACTTCACCAACGGGACGGAGCGGGTGCGGTCCCTGGACAGATACATCTATAACCGGGAGGAGTACGTGCGCTTCGACGGCGACGTGGGGGAGTACCGGCCGGTGACGGAGCTGGGGCGGCCGAGCGCTGAGTACTGGAACAGCCAGAAGGACATCCTGGAGCGGAAGCGGGCCGAGGTGGACACGGTGTGCAGACACAACTATGGGATTGAGGAGAGAACGATCTTGCAGCGGCGAG"
"ArGa-DQB*17";"Arctocephalus_gazella";"ArGa";"ArGa-DQB*17";"AGGATTTCGTGTACCAGTTTAAGGGCGAGTGCTACTTCACCAACGGGACGGAGCGGGTGCGGCACCTGACCAGACACATCTATAACCGGGAGGAGTACGTGCGCTTCGACAGCGACGTGGGGGAGCACCGGCCGGTGACGGAGCTGGGGCGGCCGAGCGCTGAGTACTGGAACAGCCAGAAGGACTTCATGGAGCAGACGCGGGCTGCGGTGGACACGGTGTGCAGACACAACTATGGGATTGAGGAGAGAACGATCTTGCAGCGGCGAG"
"ArGa-DQB*18";"Arctocephalus_gazella";"ArGa";"ArGa-DQB*18";"AGGATTTCGTGGTCCAGTTTAAGGGCGAGTGCTACTTCACCAACGGGACGGAGCGGGTGCGGCTCCTGGCCAGACACATCTATAACCGGGAGGAGTACGTGCGCTTCGACAGCGACGTGGGGGAGCACCGGCCGGTGACGGAGTGGGGGCGGCCGTACGCTGAGTACTTCAACAGCCAGAAGGACGTCATGGAGCAGACGCGGGCCGCGGTGGACACGGTGTGCAGACACAACTATGGGAATGAGGAGAGAACGATCTTGCAGCGGCGAG"
"ArGa-DQB*19";"Arctocephalus_gazella";"ArGa";"ArGa-DQB*19";"AGGATTTCGTGTTCCAGTTTAAGTTCGAGTGCTACTTCACCAACGGGACGGAGCGGGTGCGGCTCCTGGCCAGATACATCTATAACCGGGAGGAGTTCGTGCGCTTCGACAGCGACGTGGGGGAGCACCGGCCGGTGACGGAGCTGGGGCGGCCGGACGCTGAGTACTTGAACAGCCAGAAGGACATCCTGGAGCGGAAGCGGGCCGAGGTGGACACGGTGTGCAGACACAACTATGGGATTGAGGAGAGAACGATCTTGCAGCGGCGAG"
"ArGa-DQB*20";"Arctocephalus_gazella";"ArGa";"ArGa-DQB*20";"AGGATTTCGTGTTCCAGTTTAAGTTCGAGTGCTACTTCACCAACGGGACGGAGCGGGTGCGGTCCCTGGCCAGATACATCTATAACCGGGAGGAGTACGTGCGCTTCGACAGCGACGTGGGGGAGTACCGGCCGGTGACGGAGCTGGGGCGGCCGAGCGCTGAGTACTGGAACAGCCAGAAGGACATCCTGGAGCAGACGCGGGCCGAGGTGGACACGGTGTGCAGACACAACTATGGGAATGAGGAGAGAACGATCTTGCAGCGGCGAG"
"ArGa-DQB*21";"Arctocephalus_gazella";"ArGa";"ArGa-DQB*21";"AGGATTTCGTGTTCCAGTTTAAGTTCGAGTGCTACTTCACCAACGGGACGGAGCGGGTGCGGTCCCTGGCCAGATACATCTATAACCGGGAGGAGTACGTGCGCTTCGACAGCGACGTGGGGGAGTACCGGCCGGTGACGGAGCTGGGGCGGCCGAGCGCTGAGTACTGGAACAGCCAGAAGGACATCCTGGAGCAGACGCGGGCCGAGGTGGGCACGGTGTGCAGACACAACTATGGGAATGAGGAGAGAACGACCTTGCAGCGGCGAG"
"ArGa-DQB*22";"Arctocephalus_gazella";"ArGa";"ArGa-DQB*22";"AGGATTTCGTGGTCCAGTTTAAGGGCGAGTGCTGCTTCACCAACGGGACGGAGCGGGTGTGGTCCCTGGACAGATACATCTATAACCGGGAGGAGTACGTGCGCTTCGACGGCGACGTGGGGGAGTTCCGGCCGGTGACGGAGCTGGGGCGGCCGGACGCTGAGTACTGGAACAGCCAGAAGGACATCCTGGAGCGGAAGCGGGCCGAGGTGGACACGGTGTGCAGACACAACTATGGGATTGAGGAGAGAACGACCTTGCAGCGGCGAG"
"ArGa-DQB*23";"Arctocephalus_gazella";"ArGa";"ArGa-DQB*23";"AGGATTTCGTGTTCCAGTTTAAGGGCGAGTGCTACTTCACCAACGGGACGGAGCGGGTGTGGTCCCTGGACAGATACATCTATAACCGGGAGGAGTACGTGCGCTTCGACGGCGACGTGGGGGAGTACCGGCCGGTGACGGAGCTGGGGCGACCGGACGCTGAGTACTGGAACAGCCAGAAGGACGTCATGGAGCAGACGCGGGCCGCGGTGGACACGGTGTGCAGACACAACTATGGGATTGAGGAGAGAACGACCTTGCAGCGGCGAG"
"ArGa-DQB*24";"Arctocephalus_gazella";"ArGa";"ArGa-DQB*24";"AGGATTTCGTGTTCCAGTTTAAGGGCGAGTGCTACTTCACCAACGGGACGGATAGGGTGCGGTCCCTGGCCAGACACATCTATAACCGGGAGGAGTTCCTGCGCTTCGACAGCGACGTGGGGGAGTACCGGCCGGTGACGGAGTGGGGGCGGCCGTACGCTGAGTACTTCAACAGCCAGAAGGACGTCATGGAGCAGACGCGGGCCGCGGTGGACACGGTGTGCAGACACAACTATGGGAATGAGGAGAGAACGATCTTGCAGCGGCGAG"
"ArGa-DQB*25";"Arctocephalus_gazella";"ArGa";"ArGa-DQB*25";"AGGATTTCGTGTTCCAGTTTAAGGGCGAGTGCTACTTCACCAACGGGACGGAGCGGGTGTGGTCCCTGGACAGATACATCTATAACCGGGAGGAGTACGTGCGCTTCGACGGCGACGTGGGGGAGTACCGGCCGGTGACGGAGCTGGGGCGGCCGGACGCTGAGTACTGGAACAGCCAGAAGGACATCCTGGAGCGGAAGCGGGCCGAGGCGGACACGGTGTGCAGACACAACTATGGGATTGAGGAGAGAACGATCTTGCAGCGGCGAG"
"ArGa-DQB*26";"Arctocephalus_gazella";"ArGa";"ArGa-DQB*26";"AGGATTTCGTGTTCCAGTTTAAGGGCGAGTGCTACTTCACCAACGGGACGGAGCGGGTGCGGTCCCTGGCCAGACACATCTATAACCGGGAGGAGTTCCTGCGCTTCGGCAGCGACGTGGGGGAGTACCGGCCGGTGACGGAGTGGGGGCGGCCGTACGCTGAGTACTTCAACAGCCAGAAGGACGTCATGGAGCAGACGCGGGCCGCGGTGGACACGGTGTGCAGACACAACTATGGGAATGAGGAGAGAACGATCTTGCAGCGGCGAG"
"ArGa-DQB*27";"Arctocephalus_gazella";"ArGa";"ArGa-DQB*27";"AGGATTTCGTGTTCCAGTTTAAGGGCGAGTGCTACTTCACCAACGGGACGGAGCGGGTGTGGTCCCTGGACAGGTACATCTATAACCGGGAGGAGTACGTGCGCTTCGACGGCGACGTGGGGGAGTACCGGCCGGTGACGGAGCTGGGGCGGCCGGACGCTGAGTACTGGAACAGCCAGAAGGACATCCTGGAGCGGAAGCGGGCCGAGGTGGACACGGTGTGCAGACACAACTATGGGATTGAGGAGAGAACGATCTTGCAGCGGCGAG"
"ArGa-DQB*28";"Arctocephalus_gazella";"ArGa";"ArGa-DQB*28";"AGGATTTCGTGTTCCAGTTTAAGGGCGAGTGCTACTTCACCAACGGGACGGAGCGGGTGTGGTCCCTGGACAGATACATCTATAACCGGGAGGAGTACGTGCGCTTCGACGACGACGTGGGGGAGTACCGGCCGGTGACGGAGCTGGGGCGGCCGGACGCTGAGTACTGGAACAGCCAGAAGGACATCCTGGAGCGGAAGCGGGCCGAGGTGGACACGGTGTGCAGACACAACTATGGGATTGAGGAGAGAACGATCTTGCAGCGGCGAG"
"ArGa-DQB*29";"Arctocephalus_gazella";"ArGa";"ArGa-DQB*29";"AGGATTTCGTGTTCCAGTTTAAGGGCGAGTGCTACTTCACCAACGGGACGGAGCGGGTGTAGTCCCTGGACAGATACATCTATAACCGGGAGGAGTACGTGCGCTTCGACGGCGACGTGGGGGAGTACCGGCCGGTGACGGAGCTGGGGCGGCCGGACGCTGAGTACTGGAACAGCCAGAAGGACATCCTGGAGCGGAAGCGGGCCGAGGTGGACACGGTGTGCAGACACAACTATGGGATTGAGGAGAGAACGATCTTGCAGCGGCGAG"
"ArGa-DQB*30";"Arctocephalus_gazella";"ArGa";"ArGa-DQB*30";"AGGATTTCGTGTTCCAGTTTAAGGGCGAGTGCTACTTCACCAACGGGACGGAGCGGGTGTGGTCCCTGGACAGATACATCTATAACCGGGAGGAGTACGTGCGCTTCGACGGCGACGTGGGGGAGTACCGGCCGGTGACGGAGCTGGGGCGGCCGGACGCTGAGTACTGGAACAGCCAGAAGGACATCCTGGAGCGGAAGCGGGCCGAGGTGGACACGGTGTGCAGACACAACTATGGGATTGAGGAGAGAACGATCTTGTAGCGGCGAG"
